{
    "version": "0.3.2",
	"railtrack_nodes": [
		[
			589.943848,
			149
		],
		[
			1055.831543,
			529
		],
		[
			209.831543,
			529
		]
	],
	"pickup_area_positions": [
		[
			601,
			436
		],
		[
			594,
			656
		]
	],
	"area_51_positions": [

	],
	"n_remaining_actions": 2,
	"texts": [

	]
}
