{
	"railtrack_nodes": [
		[
			605.943848,
			80
		],
		[
			1053.943848,
			529
		],
		[
			207.943848,
			529
		]
	],
	"pickup_area_positions": [
		[
			601,
			436
		],
		[
			594,
			656
		]
	],
	"area_51_positions": [

	],
	"n_remaining_actions": 2,
	"texts": [

	]
}