{
	"railtrack_nodes": [
		[
			177.27002,
			595
		],
		[
			314.438477,
			203
		],
		[
			533.775391,
			460
		],
		[
			719.775391,
			461
		],
		[
			910.775391,
			215
		],
		[
			1177.887695,
			602
		]
	],
	"pickup_area_positions": [
		[
			354,
			462
		],
		[
			615,
			349
		]
	],
	"area_51_positions": [
		[
			900,
			469
		]
	],
	"n_remaining_actions": 2,
	"texts": [

	]
}