{
    "version": "0.3.2",
	"railtrack_nodes": [
		[
			176.887695,
			606
		],
		[
			344.831543,
			224
		],
		[
			531.831543,
			462
		],
		[
			729.213867,
			461
		],
		[
			920.213867,
			215
		],
		[
			1187.326172,
			602
		]
	],
	"pickup_area_positions": [
		[
			370,
			476
		],
		[
			621,
			345
		]
	],
	"area_51_positions": [
		[
			921,
			471
		]
	],
	"n_remaining_actions": 2,
	"texts": [

	]
}
