{
	"railtrack_nodes": [
		[
			661.27002,
			112
		],
		[
			844.27002,
			313
		],
		[
			1088.382324,
			313
		],
		[
			806.382324,
			463
		],
		[
			888.27002,
			681
		],
		[
			630.775391,
			508
		],
		[
			435.382324,
			672
		],
		[
			456.27002,
			457
		],
		[
			187.27002,
			325
		],
		[
			446.719238,
			317
		]
	],
	"pickup_area_positions": [
		[
			910,
			172
		],
		[
			637,
			663
		],
		[
			627,
			329
		]
	],
	"area_51_positions": [
		[
			254,
			534
		],
		[
			1015,
			509
		]
	],
	"n_remaining_actions": 3,
	"texts": [

	]
}