{
    "version": "0.4",
	"railtrack_nodes": [
		[
			291.540039,
			397
		],
		[
			1130.540039,
			398
		],
		[
			648.427734,
			57
		],
		[
			648.540039,
			682
		]
	],
	"pickup_area_positions": [
		[
			809,
			545
		],
		[
			982,
			130
		],
		[
			485,
			565
		]
	],
	"area_51_positions": [

	],
	"n_remaining_actions": 2,
	"texts": [

	]
}
