{
    "version": "0.3.2",
	"railtrack_nodes": [
		[
			383.933105,
			76
		],
		[
			1136.887695,
			656
		],
		[
			137,
			656
		],
		[
			884.933105,
			89
		],
		[
			1176.876953,
			271
		],
		[
			622.876953,
			654
		],
		[
			142.933105,
			259
		]
	],
	"pickup_area_positions": [
		[
			881,
			269
		],
		[
			366,
			270
		],
		[
			638,
			96
		]
	],
	"area_51_positions": [
		[
			632,
			464
		]
	],
	"n_remaining_actions": 2,
	"texts": [

	]
}
