{
	"railtrack_nodes": [
		[
			381.101562,
			76
		],
		[
			1192.04541,
			656
		],
		[
			100.04541,
			659
		],
		[
			882.101562,
			89
		],
		[
			1174.04541,
			271
		],
		[
			620.04541,
			654
		],
		[
			140.101562,
			259
		]
	],
	"pickup_area_positions": [
		[
			881,
			269
		],
		[
			366,
			270
		],
		[
			638,
			96
		]
	],
	"area_51_positions": [
		[
			632,
			464
		]
	],
	"n_remaining_actions": 2,
	"texts": [

	]
}